{"schemaVersion":"1.0","appDefinitionTemplate":{"id":"/providers/Microsoft.PowerApps/apps/","type":"Microsoft.PowerApps/apps","tags":{"primaryDeviceWidth":"1366","primaryDeviceHeight":"768","supportsPortrait":"true","supportsLandscape":"true","primaryFormFactor":"Tablet","publisherVersion":"3.23081.12","minimumRequiredApiVersion":"2.2.0","hasComponent":"false","hasUnlockedComponent":"false","isUnifiedRootApp":"false","sienaVersion":"20230818T141844Z-3.23081.12.0","showStatusBar":"false"},"properties":{"appVersion":"2023-08-18T14:18:44Z","lifeCycleId":"Published","createdByClientVersion":{"major":3,"minor":23081,"build":12,"revision":0,"majorRevision":0,"minorRevision":0},"minClientVersion":{"major":3,"minor":23081,"build":12,"revision":0,"majorRevision":0,"minorRevision":0},"backgroundColor":"rgba(16, 77, 95, 1)","backgroundImageUri":"/2416968329116078794/N75f8acf8-6198-4d1f-ba3f-f5469981303d-logoSmallFile","displayName":"StartUpScreenPattern","description":"","commitMessage":"","appUris":{"documentUri":{"value":"/2416968329116078794/N3fa4441a-3356-4559-aa89-69863c103cec-document.msapp"},"imageUris":[],"additionalUris":[]},"createdTime":"0001-01-01T00:00:00Z","lastModifiedTime":"0001-01-01T00:00:00Z","sharedGroupsCount":0,"sharedUsersCount":0,"connectionReferences":{},"databaseReferences":{},"almMode":"Environment","performanceOptimizationEnabled":true,"canConsumeAppPass":true,"enableModernRuntimeMode":false,"executionRestrictions":{"isTeamsOnly":false,"dataLossPreventionEvaluationResult":{"status":"Compliant","lastEvaluationDate":"2023-08-14T19:56:36.622398Z","violations":[],"violationsByPolicy":[],"violationErrorMessage":"The app uses the following connectors: shared_sharepointonline, shared_logicflows, shared_office365."},"httpActionRestriction":{"appUsesSharepointHttpAction":false,"enforcementStrategy":"Legacy","evaluationTime":"2023-08-14T19:56:36.6223185Z"}}},"appType":"ClassicCanvasApp","appComponents":[]}}